Class;BaseClass
Name;BaseTypeName
Bareme;ObjetMacro
BaremeVersion;ObjetVersion
CatalogueActeur;ObjetMacro
CatalogueActeurVersion;ObjetVersion
CategorieMoyenStructurant;StructureElement
Centre;Object
CentreUtilisateurs;Centre
ContexteUtilisateur;Object
ContexteUtilisateurCritere;Object
ContexteUtilisateurCritereBareme;ContexteUtilisateurCritere
ContexteUtilisateurCritereBaremeDevis;ContexteUtilisateurCritereBareme
ContexteUtilisateurCritereBoolean;ContexteUtilisateurCritere
ContexteUtilisateurCritereBooleanDevisCloture;ContexteUtilisateurCritereBoolean
ContexteUtilisateurCritereBooleanDevisStatutValide;ContexteUtilisateurCritereBoolean
ContexteUtilisateurCritereBooleanOperationActif;ContexteUtilisateurCritereBoolean
ContexteUtilisateurCritereCentre;ContexteUtilisateurCritere
ContexteUtilisateurCritereCentreProjet;ContexteUtilisateurCritereCentre
ContexteUtilisateurCritereCodeProduit;ContexteUtilisateurCritere
ContexteUtilisateurCritereCodeProduitDevis;ContexteUtilisateurCritereCodeProduit
ContexteUtilisateurCritereCodeProduitOperation;ContexteUtilisateurCritereCodeProduit
ContexteUtilisateurCritereCodeProduitProjet;ContexteUtilisateurCritereCodeProduit
ContexteUtilisateurCritereCollaborateur;ContexteUtilisateurCritere
ContexteUtilisateurCritereCollaborateurDevis;ContexteUtilisateurCritereCollaborateur
ContexteUtilisateurCritereCollaborateurDevisAssistant;ContexteUtilisateurCritereCollaborateurDevis
ContexteUtilisateurCritereCollaborateurDevisResponsable;ContexteUtilisateurCritereCollaborateurDevis
ContexteUtilisateurCritereCollaborateurDevisResponsablePP;ContexteUtilisateurCritereCollaborateurDevis
ContexteUtilisateurCritereCollaborateurProjetReferent;ContexteUtilisateurCritereCollaborateur
ContexteUtilisateurCritereDate;ContexteUtilisateurCritere
ContexteUtilisateurCritereDateOperationDateCreation;ContexteUtilisateurCritereDate
ContexteUtilisateurCritereDateOperationDerniereModification;ContexteUtilisateurCritereDate
ContexteUtilisateurCritereDateOperationPretADiffuser;ContexteUtilisateurCritereDate
ContexteUtilisateurCritereDateOperationPretATourner;ContexteUtilisateurCritereDate
ContexteUtilisateurCritereDateProjetPremiereDiffusion;ContexteUtilisateurCritereDate
ContexteUtilisateurCritereFonction;ContexteUtilisateurCritere
ContexteUtilisateurCritereFonctionMembre;ContexteUtilisateurCritereString
ContexteUtilisateurCritereFTVActeur;ContexteUtilisateurCritere
ContexteUtilisateurCritereFTVClient;ContexteUtilisateurCritereFTVActeur
ContexteUtilisateurCritereFTVClientProjet;ContexteUtilisateurCritereFTVClient
ContexteUtilisateurCritereFTVFournisseur;ContexteUtilisateurCritereFTVActeur
ContexteUtilisateurCritereFTVFournisseurOperation;ContexteUtilisateurCritereFTVFournisseur
ContexteUtilisateurCritereMarche;ContexteUtilisateurCritere
ContexteUtilisateurCritereMarcheOperation;ContexteUtilisateurCritereMarche
ContexteUtilisateurCritereMoyensStructurants;ContexteUtilisateurCritere
ContexteUtilisateurCritereMoyensStructurantsOperation;ContexteUtilisateurCritereMoyensStructurants
ContexteUtilisateurCritereQUser;ContexteUtilisateurCritere
ContexteUtilisateurCritereQUserOperationCreation;ContexteUtilisateurCritereQUser
ContexteUtilisateurCritereQUserOperationDerniereModification;ContexteUtilisateurCritereQUser
ContexteUtilisateurCritereRegroupementCategorie;ContexteUtilisateurCritere
ContexteUtilisateurCritereRegroupementCategorieCNCSub;ContexteUtilisateurCritereRegroupementCategorie
ContexteUtilisateurCritereRegroupementCategorieCNCSubProfilRessource;ContexteUtilisateurCritereRegroupementCategorieCNCSub
ContexteUtilisateurCritereString;ContexteUtilisateurCritere
ContexteUtilisateurCritereStringDevisCommentaire;ContexteUtilisateurCritereString
ContexteUtilisateurCritereStringDevisLibelle;ContexteUtilisateurCritereString
ContexteUtilisateurCritereStringEnum;ContexteUtilisateurCritere
ContexteUtilisateurCritereStringEnumDevisCloture;ContexteUtilisateurCritereStringEnum
ContexteUtilisateurCritereStringEnumDevisEtablissement;ContexteUtilisateurCritereStringEnum
ContexteUtilisateurCritereStringEnumDevisFacture;ContexteUtilisateurCritereStringEnum
ContexteUtilisateurCritereStringEnumDevisMarche;ContexteUtilisateurCritereStringEnum
ContexteUtilisateurCritereStringEnumOperationConditionSelectionnees;ContexteUtilisateurCritereStringEnum
ContexteUtilisateurCritereStringEnumOperationFamille;ContexteUtilisateurCritereStringEnum
ContexteUtilisateurCritereStringEnumOperationFormatDiffusion;ContexteUtilisateurCritereStringEnum
ContexteUtilisateurCritereStringEnumOperationFormatFabrication;ContexteUtilisateurCritereStringEnum
ContexteUtilisateurCritereStringEnumOperationModaliteFacture;ContexteUtilisateurCritereStringEnum
ContexteUtilisateurCritereStringEnumOperationMoyenExterne;ContexteUtilisateurCritereStringEnum
ContexteUtilisateurCritereStringEnumOperationMoyenFTV;ContexteUtilisateurCritereStringEnum
ContexteUtilisateurCritereStringEnumOperationTypeProduction;ContexteUtilisateurCritereStringEnum
ContexteUtilisateurCritereStringEnumPhaseNom;ContexteUtilisateurCritereStringEnum
ContexteUtilisateurCritereStringEnumProjetCodeDevisModalite;ContexteUtilisateurCritereStringEnum
ContexteUtilisateurCritereStringEnumProjetPremierDiffuseur;ContexteUtilisateurCritereStringEnum
ContexteUtilisateurCritereStringMembreEmail;ContexteUtilisateurCritereString
ContexteUtilisateurCritereStringMembreNom;ContexteUtilisateurCritereString
ContexteUtilisateurCritereStringMembrePrenom;ContexteUtilisateurCritereString
ContexteUtilisateurCritereStringOperationAnneeDUtilisation;ContexteUtilisateurCritereString
ContexteUtilisateurCritereStringOperationCommentaires;ContexteUtilisateurCritereString
ContexteUtilisateurCritereStringOperationDescription;ContexteUtilisateurCritereString
ContexteUtilisateurCritereStringOperationFournituresEtLivraisons;ContexteUtilisateurCritereString
ContexteUtilisateurCritereStringOperationLieuRendezVous;ContexteUtilisateurCritereString
ContexteUtilisateurCritereStringOperationLieuTournage;ContexteUtilisateurCritereString
ContexteUtilisateurCritereStringOperationNom;ContexteUtilisateurCritereString
ContexteUtilisateurCritereStringProfilRessourceNom;ContexteUtilisateurCritereString
ContexteUtilisateurCritereStringProjetCommentaires;ContexteUtilisateurCritereString
ContexteUtilisateurCritereStringProjetDescription;ContexteUtilisateurCritereString
ContexteUtilisateurCritereStringProjetNom;ContexteUtilisateurCritereString
ContexteUtilisateurCritereStringProjetSousTitre;ContexteUtilisateurCritereString
ContexteUtilisateurCritereTypeActe;ContexteUtilisateurCritere
ContexteUtilisateurCritereTypeActeActe;ContexteUtilisateurCritereTypeActe
ContexteUtilisateurCritereTypeChiffrage;ContexteUtilisateurCritere
ContexteUtilisateurCritereTypeRessource;ContexteUtilisateurCritere
ContexteUtilisateurCritereTypeRessourceProfilRessource;ContexteUtilisateurCritereTypeRessource
ContexteUtilisateurCritereUnitePlanification;ContexteUtilisateurCritere
ContexteUtilisateurCritereUnitePlanificationOperation;ContexteUtilisateurCritereUnitePlanification
ContexteUtilisateurCritereUnitePlanificationPhase;ContexteUtilisateurCritereUnitePlanification
ContexteUtilisateurCritereWFM_WorkflowState;ContexteUtilisateurCritere
ContexteUtilisateurCritereWFM_WorkflowStateDevis;ContexteUtilisateurCritereWFM_WorkflowState
ContexteUtilisateurFiltre;Object
ContexteUtilisateurFiltreGenerale;ContexteUtilisateurFiltre
ContexteUtilisateurFiltreMultiCriteres;ContexteUtilisateurFiltre
ContexteUtilisateurFiltreMultiCriteresFacturation;ContexteUtilisateurFiltreMultiCriteres
ContexteUtilisateurFiltreMultiCriteresModelesDOperations;ContexteUtilisateurFiltreMultiCriteres
ContexteUtilisateurFiltreMultiCriteresProjets;ContexteUtilisateurFiltreMultiCriteres
ContexteUtilisateurFiltreMultiCriteresRessources;ContexteUtilisateurFiltreMultiCriteres
DatasetClient;Object
DatasetClientJobExportObjet;Object
DatasetClientMacroCollection;Object
DatasetClientStatut;Object
DatasetEdition;Object
DatasetMaster;Object
DatasetPO;Object
Devis;ObjetMacro
DevisDevis;StructureElement
DevisFichierJoint;StructureElement
DevisOperation;StructureElement
DevisOperationLien;Object
DevisOperationLienDevis;DevisOperationLien
DevisOperationLienDevisVersion;DevisOperationLien
DevisOperationLienProjetOperation;DevisOperationLien
DevisOperationLienProjetOperationVersion;DevisOperationLien
DevisOperationSelector;Object
DevisOperationSelectorDevis;DevisOperationSelector
DevisOperationSelectorDevisVersion;DevisOperationSelector
DevisOperationSelectorProjetOperation;DevisOperationSelector
DevisOperationSelectorProjetOperationVersion;DevisOperationSelector
DevisOption;DevisPartie
DevisPartie;StructureElement
DevisPartiePrincipale;DevisPartie
DevisRegroupement;DevisRegroupementAbstrait
DevisRegroupementAbstrait;Object
DevisRegroupementAggregate;DevisRegroupementCategorieAbstrait
DevisRegroupementCategorie;DevisRegroupementCategorieAbstrait
DevisRegroupementCategorieAbstrait;Object
DevisRegroupementLigne;Object
DevisRegroupementSelectionne;StructureElement
DevisVersion;ObjetVersion
EditionDevisChapitre;EditionStatut
EditionDevisOperations;EditionStatut
EditionOperationDescriptif;EditionStatut
EditionProjetOperations;EditionStatut
EditionStatut;Object
EnumerationFluxFacturation;Object
EnumerationFonction;Object
EnumerationMarche;Object
EnumerationTableauBordPriorite;Object
EnumerationTypeCout;Object
ExportActeur;ObjetExporte
ExportClient;ExportActeur
ExportClientFournisseur;ObjetExporte
ExportDevis;ObjetExporte
ExportDevisDetail;ObjetExportDetail
ExportDevisElement;ExportDevisDetail
ExportDevisLigneAbstraite;ExportDevisDetail
ExportDevisLigneCout;ExportDevisLigneAbstraite
ExportDevisOperation;ExportDevisDetail
ExportDevisRemise;ExportDevisLigneAbstraite
ExportFacture;ObjetExporte
ExportFactureElement;ObjetExportDetail
ExportFactureLigne;Object
ExportFacturePartielle;ObjetExportDetail
ExportFournisseur;ExportActeur
ExportOperation;ObjetExporte
ExportOperationActe;ExportOperationPhaseAbstraite
ExportOperationBesoinRessource;ExportOperationDetail
ExportOperationDetail;ObjetExportDetail
ExportOperationEnveloppe;ExportOperationEnveloppeAbstraite
ExportOperationEnveloppeAbstraite;ExportOperationDetail
ExportOperationEnveloppeOperation;ExportOperationEnveloppeAbstraite
ExportOperationFraisExterne;ExportOperationDetail
ExportOperationLigneSupport;ExportOperationDetail
ExportOperationPhase;ExportOperationPhaseAbstraite
ExportOperationPhaseAbstraite;ExportOperationEnveloppeAbstraite
ExportProjet;ObjetExporte
ExportProjetMembre;ObjetExportDetail
ExportProjetOperation;ObjetExportDetail
ExportRegroupementCategorie;Object
ExportSysteme;ObjetExporte
ExportTypeActe;ObjetExporte
Facture;ObjetMacro
FactureDevis;Facture
FactureDevisVersion;FactureVersion
FactureExercice;StructureElement
FacturePeriode;StructureElement
FacturePeriodeFlux;StructureElement
FactureVersion;ObjetVersion
FichierJoint;StructureElement
FTV_Acteur;StructureElement
FTV_ActeurAncetreLien;Object
FTV_ActeurCodeProduit;Object
FTV_ActeurCodeProduitFourchette;StructureElement
FTV_ActeurMarche;StructureElement
FTV_ActeurProfilRessource;StructureElement
FTV_ActeurUO_Centre;StructureElement
FTV_Client;FTV_Acteur
FTV_Fournisseur;FTV_Acteur
FTV_FournisseurClient;StructureElement
FTV_FournisseurTypeActe;StructureElement
ImportCosting;Object
ImportCostingBareme;Object
ImportCostingBaremeLigneBesoinRessource;Object
ImportCostingBaremeLigneForfait;Object
JourSysteme;StructureElement
Localisation;StructureElement
MacroCollection;StructureElement
MacroCollectionStatut;Object
MacroCollectionSysteme;MacroCollection
MacroCollectionUnitePlanification;MacroCollection
MetierMarche;StructureElement
ObjetApplicatif;Object
ObjetExportDetail;ObjetExporteAbstrait
ObjetExporte;ObjetExporteAbstrait
ObjetExporteAbstrait;Object
ObjetMacro;Object
ObjetMacroModification;Object
ObjetMacroStatut;Object
ObjetMacroStatutCollection;Object
ObjetMacroStatutDataset;Object
ObjetMicro;Object
ObjetVersion;Object
Operation;ObjetMacro
OperationVersion;ObjetVersion
PerimetreActeur;StructureElement
PerimetreUniteOrganisation;StructureElement
PerimetreUnitePlanification;StructureElement
ProfilRessource;StructureElement
Projet;ObjetMacro
ProjetDevis;Object
ProjetOperation;Object
ProjetOperationVersion;StructureElement
ProjetVersion;ObjetVersion
RangeRefNrs;Object
Referentiel;Object
RegroupementCategorie;Object
RegroupementCategorieAggregate;RegroupementCategorie
RegroupementCategorieAggregateGrandTotal;RegroupementCategorieAggregate
RegroupementCategorieAggregateSousTotal;RegroupementCategorieAggregate
RegroupementCategorieAggregateTotalChapitre;RegroupementCategorieAggregate
RegroupementCategorieCNC;RegroupementCategorie
RegroupementCategorieCNCInter;RegroupementCategorieCNC
RegroupementCategorieCNCSub;RegroupementCategorieCNC
RegroupementCategorieCNCSuper;RegroupementCategorieCNC
RegroupementCategorieCommon;RegroupementCategorie
RegroupementCategorieCommonCharges;RegroupementCategorieCommon
RegroupementCategorieCommonFraisGeneraux;RegroupementCategorieCommon
RegroupementCategorieCommonOptions;RegroupementCategorieCommon
RegroupementCategorieCommonRemiseGenerale;RegroupementCategorieCommon
RegroupementCategorieCommonRessourceImprevus;RegroupementCategorieCommon
RegroupementCategorieTypeDeRessource;RegroupementCategorieTypeDeRessourceAbstrait
RegroupementCategorieTypeDeRessourceAbstrait;RegroupementCategorie
RegroupementCategorieTypeDeRessourceFraisExternes;RegroupementCategorieTypeDeRessourceAbstrait
RegroupementLigneDevis;Object
RegroupementParChapitreCNC;RegroupementLigneDevis
RegroupementParTypeDeResources;RegroupementLigneDevis
RequeteVTOM;Object
RequeteVTOMDatasetClient;Object
Resource;ObjetApplicatif
RollOutPattern;Object
RollOutPatternOwner;Object
RollOutPatternUser;RollOutPatternOwner
RollOutPatternWeekly;RollOutPattern
SchedulerAbstract;Object
SchedulerSIG;SchedulerAbstract
SchedulerSIRH;SchedulerAbstract
SIGCentre;Centre
SIGClients;Object
SIGCodeActivite;Object
SIGCodeAntenne;Object
SIGCodeProduit;Object
SIGMetierMarche;Object
SIRHCollaborateur;Object
SIRHFonction;Object
SIRHMetier;Object
StructureActe;StructurePhaseGenerique
StructureBareme;StructureRacine
StructureBaremeBesoinRessource;StructureBaremeElement
StructureBaremeElement;StructureElement
StructureBaremeOperationForfait;StructureBaremeElement
StructureBesoinRessource;StructureOperationElement
StructureBesoinRessourceHumaine;StructureBesoinRessource
StructureBesoinRessourceMaterielle;StructureBesoinRessource
StructureCatalogueActeur;StructureRacine
StructureDevis;StructureRacine
StructureDevisElement;StructureDevisElementAbstrait
StructureDevisElementAbstrait;StructureElement
StructureDevisElementActe;StructureDevisElementOperationItem
StructureDevisElementActeSupports;StructureDevisElementEnveloppeSupports
StructureDevisElementBesoinRessource;StructureDevisElementOperationItem
StructureDevisElementCoutsImprevus;StructureDevisElement
StructureDevisElementDevis;StructureDevisElement
StructureDevisElementEnveloppe;StructureDevisElementOperationItem
StructureDevisElementEnveloppeSupports;StructureDevisElementOperationItem
StructureDevisElementFraisExterne;StructureDevisElementOperationItem
StructureDevisElementFraisGeneraux;StructureDevisElement
StructureDevisElementOperation;StructureDevisElementOperationItem
StructureDevisElementOperationItem;StructureDevisElement
StructureDevisElementOperationSupports;StructureDevisElementEnveloppeSupports
StructureDevisElementOption;StructureDevisElement
StructureDevisElementPhase;StructureDevisElementOperationItem
StructureDevisElementRacine;StructureDevisElementAbstrait
StructureDevisElementRemisesGenerales;StructureDevisElement
StructureDevisLigne;StructureElement
StructureDevisLigneAvenantAbstrait;StructureDevisLigneCoutAbstrait
StructureDevisLigneAvenantLigneAnnulee;StructureDevisLigneAvenantAbstrait
StructureDevisLigneAvenantLigneDelta;StructureDevisLigneAvenantAbstrait
StructureDevisLigneBesoinRessource;StructureDevisLigneCoutBesoinRessourceAbstrait
StructureDevisLigneCoutAbstrait;StructureDevisLigne
StructureDevisLigneCoutBesoinRessourceAbstrait;StructureDevisLigneCoutOperationElement
StructureDevisLigneCoutBesoinRessourceFrais;StructureDevisLigneCoutBesoinRessourceAbstrait
StructureDevisLigneCoutBesoinRessourceFraisHeuresSup;StructureDevisLigneCoutBesoinRessourceFrais
StructureDevisLigneCoutCharges;StructureDevisLigneCoutAbstrait
StructureDevisLigneCoutChargesBesoinRessource;StructureDevisLigneCoutCharges
StructureDevisLigneCoutChargesOperationForfait;StructureDevisLigneCoutCharges
StructureDevisLigneCoutDevis;StructureDevisLigneCoutAbstrait
StructureDevisLigneCoutDevisAbstrait;StructureDevisLigneCoutAbstrait
StructureDevisLigneCoutDevisFraisGeneraux;StructureDevisLigneCoutDevisAbstrait
StructureDevisLigneCoutDevisImprevus;StructureDevisLigneCoutDevisAbstrait
StructureDevisLigneCoutOperationElement;StructureDevisLigneCoutAbstrait
StructureDevisLigneCoutOperationForfait;StructureDevisLigneCoutOperationElement
StructureDevisLigneCoutOperationLigneSupport;StructureDevisLigneCoutOperationElement
StructureDevisLigneCoutOptionDedit;StructureDevisLigneCoutAbstrait
StructureDevisLigneFraisExterne;StructureDevisLigneCoutAbstrait
StructureDevisLigneRemise;StructureDevisLigne
StructureDevisLigneRemiseAvenantAbstrait;StructureDevisLigneRemise
StructureDevisLigneRemiseAvenantLigneAnnulee;StructureDevisLigneRemiseAvenantAbstrait
StructureDevisLigneRemiseAvenantLigneDelta;StructureDevisLigneRemiseAvenantAbstrait
StructureDevisLigneRemiseBesoinRessource;StructureDevisLigneRemise
StructureDevisLigneRemiseUnique;StructureDevisLigneRemise
StructureElement;ObjetMicro
StructureEnveloppe;StructureEnveloppeGenerique
StructureEnveloppeGenerique;StructureOperationElement
StructureEnveloppeOperation;StructureEnveloppeGenerique
StructureFacture;StructureRacine
StructureFactureDevis;StructureFacture
StructureFactureElement;StructureFactureElementAbstrait
StructureFactureElementAbstrait;StructureElement
StructureFactureLigne;StructureElement
StructureFactureLigneContrepasse;StructureFactureLigne
StructureFactureLigneEncours;StructureFactureLigne
StructureFacturePartielle;StructureElement
StructureFacturePartielleDevis;StructureFacturePartielle
StructureFacturePartielleSourceFinancement;StructureElement
StructureFactureRacine;StructureFactureElementAbstrait
StructureFraisExterne;StructureOperationElement
StructureMembre;StructureElement
StructureOperation;StructureRacine
StructureOperationElement;StructureElement
StructureOperationJour;Object
StructureOperationLigneSupport;StructureOperationElement
StructurePhase;StructurePhaseGenerique
StructurePhaseGenerique;StructureEnveloppeGenerique
StructurePhaseGeneriqueGUIGanttNiveau;Object
StructureProjet;StructureRacine
StructureRacine;ObjetMicro
StructureSysteme;StructureRacine
Systeme;ObjetMacro
SystemeVersion;ObjetVersion
TableauBordElement;Object
TypeActe;StructureElement
TypeMoyenStructurant;StructureElement
TypeRessource;Object
TypeRessourceHumaine;TypeRessource
TypeRessourceUniteDOeuvre;Object
TypeSupport;TypeRessource
TypeTechnique;TypeRessource
UMM;Object
UMM_AuthenticationDomain;Object
UMM_DelegatingUser;Object
UMM_Message;UMM_MessageAbstract
UMM_MessageAbstract;Object
UMM_MessageTemplate;UMM_MessageAbstract
UMM_QUser;Object
UMM_QUser_Message_Link;Object
UMM_QUser_QUserGroup_Link;Object
UMM_QUserGroup;Object
UMM_Role;Object
UMM_Role_Link;Object
UMM_Role_QUser_Link;UMM_Role_Link
UMM_Role_QUserGroup_Link;UMM_Role_Link
UniteDOeuvre;Object
UniteDOeuvreDuree;UniteDOeuvre
UniteDOeuvreHeure;UniteDOeuvreDuree
UniteDOeuvreJournee;UniteDOeuvreDuree
UniteDOeuvrePiece;UniteDOeuvreQuantite
UniteDOeuvreQuantite;UniteDOeuvre
UniteOrganisation;StructureElement
UniteOrganisationElement;Object
UniteOrganisationSIRH;UniteOrganisationElement
UnitePlanification;StructureElement
UO_Centre;UniteOrganisation
UO_Departement;UniteOrganisation
UO_Direction;UniteOrganisation
UO_Domaine;UniteOrganisation
UO_Secteur;UniteOrganisation
UO_Service;UniteOrganisation
UO_ThemeBudgetaire;UniteOrganisation
Utilisateurs;Object
UtilisateurService;Object
UtilisateurUnitePlanification;Object
WFM;StructureElement
WFM_DevisCloture;WFM_WorkflowPredicateDevis
WFM_DevisModifiable;WFM_WorkflowPredicateDevis
WFM_DevisNonValide;WFM_WorkflowPredicateDevis
WFM_DevisValide;WFM_WorkflowPredicateDevis
WFM_DevisVerrouillee;WFM_WorkflowPredicateDevis
WFM_DevisVersionEtat;WFM_DomainObjectWithWorkflowState
WFM_DevisVersionWFS;WFM_WorkflowSpecification
WFM_DomainObjectStateHistory;StructureElement
WFM_DomainObjectWithWorkflowState;StructureElement
WFM_FournisseurAssigne;WFM_WorkflowPredicateOperation
WFM_Modifiable;WFM_WorkflowPredicateOperation
WFM_OperationAnnulee;WFM_WorkflowPredicateOperation
WFM_OperationAvecDevis;WFM_WorkflowPredicateOperation
WFM_OperationAvecDevisValide;WFM_WorkflowPredicateOperation
WFM_OperationAvecPrechiffrage;WFM_WorkflowPredicateOperation
WFM_OperationAvecResponsableFournisseur;WFM_WorkflowPredicateOperation
WFM_OperationForfait;WFM_WorkflowPredicateOperation
WFM_OperationPrevalide;WFM_WorkflowPredicateOperation
WFM_OperationVersionEtat;WFM_DomainObjectWithWorkflowState
WFM_OperationVersionWFS;WFM_WorkflowSpecification
WFM_SampleDomainObject;WFM_DomainObjectWithWorkflowState
WFM_SampleWFPIsComplete;WFM_WorkflowPredicate
WFM_SampleWorkFlowSpecification;WFM_WorkflowSpecification
WFM_Verrouillee;WFM_WorkflowPredicateOperation
WFM_WorkflowPredicate;StructureElement
WFM_WorkflowPredicateDevis;WFM_WorkflowPredicate
WFM_WorkflowPredicateDevisAvenantOriginalNonValide;WFM_WorkflowPredicateDevis
WFM_WorkflowPredicateDevisAvenantOriginalValide;WFM_WorkflowPredicateDevis
WFM_WorkflowPredicateDevisOperationsAvecAvenantValide;WFM_WorkflowPredicateDevis
WFM_WorkflowPredicateDevisOperationsAvecDevisValide;WFM_WorkflowPredicateDevis
WFM_WorkflowPredicateDevisOperationsCreesParFournisseur;WFM_WorkflowPredicateDevis
WFM_WorkflowPredicateDevisOperationsPrevalidees;WFM_WorkflowPredicateDevis
WFM_WorkflowPredicateDevisPrechiffrageAvecDevis;WFM_WorkflowPredicateDevis
WFM_WorkflowPredicateDevisTypeAvenant;WFM_WorkflowPredicateDevis
WFM_WorkflowPredicateDevisTypeDevis;WFM_WorkflowPredicateDevis
WFM_WorkflowPredicateDevisTypePrechiffrage;WFM_WorkflowPredicateDevis
WFM_WorkflowPredicateOperation;WFM_WorkflowPredicate
WFM_WorkflowPredicateOperationCreeeParFournisseur;WFM_WorkflowPredicateOperation
WFM_WorkflowSpecification;StructureElement
WFM_WorkflowState;StructureElement
WFM_WorkflowTransition;StructureElement
WFM_WorkflowTransitionPredicate;StructureElement
WFM_WorkflowTransitionUserGroup;StructureElement
Calendar;Object
CalendarPeriod;
Capacity;Object
CapacityElement;Object
ExplicitTimeInterval;Object
GISLibrary;Object
GISLocation;Object
GISMatrix;Object
Graph;Object
GraphEdge;Object
GraphNode;Object
Index;Object
IndexElement;Object
Object;
Sequence;Object
SequenceElement;Object
Stock;Object
StockElement;Object
Timer;Object
Tree;Object
TreeNode;Object
